country,date,sales
Singapore,2016-01-01,136.8532178026
Singapore,2016-01-02,278.9037953258
Singapore,2016-01-03,347.5264585581
Singapore,2016-01-04,356.8852337168
Singapore,2016-01-05,185.1137790323
Singapore,2016-01-06,285.6577318676
Singapore,2016-01-07,433.6819581398
Singapore,2016-01-08,195.769173829
Singapore,2016-01-09,294.1265355692
Singapore,2016-01-10,328.7486090532
Singapore,2016-01-11,470.8847994943
Singapore,2016-01-12,343.5291876503
Singapore,2016-01-13,119.011518241
Singapore,2016-01-14,371.9856127361
Singapore,2016-01-15,544.2819459247
Singapore,2016-01-16,257.7453097205
Singapore,2016-01-17,322.8138569459
Singapore,2016-01-18,465.5814452744
Singapore,2016-01-19,438.3389518519
Singapore,2016-01-20,500.9802066426
Singapore,2016-01-21,182.9694963867
Singapore,2016-01-22,306.8482991461
Singapore,2016-01-23,348.7593137213
Singapore,2016-01-24,165.9833019103
Singapore,2016-01-25,536.3436697714
Singapore,2016-01-26,147.4772006288
Singapore,2016-01-27,531.9711396142
Singapore,2016-01-28,355.4040997994
Singapore,2016-01-29,162.7388797504
Singapore,2016-01-30,262.2212523729
Singapore,2016-01-31,295.9673248729
Singapore,2016-02-01,169.1742393612
Singapore,2016-02-02,176.1107444139
Singapore,2016-02-03,396.7637094042
Singapore,2016-02-04,381.1734722464
Singapore,2016-02-05,268.6947806157
Singapore,2016-02-06,375.9967130228
Singapore,2016-02-07,260.2857659664
Singapore,2016-02-08,432.370607538
Singapore,2016-02-09,280.7186987743
Singapore,2016-02-10,330.7974728217
Singapore,2016-02-11,83.8640116517
Singapore,2016-02-12,339.0045249629
Singapore,2016-02-13,383.082544284
Singapore,2016-02-14,301.4595072309
Singapore,2016-02-15,176.9513966163
Singapore,2016-02-16,401.5746665442
Singapore,2016-02-17,409.0205156264
Singapore,2016-02-18,473.1422591615
Singapore,2016-02-19,274.8160333678
Singapore,2016-02-20,376.4618729181
Singapore,2016-02-21,302.770913141
Singapore,2016-02-22,407.2799892584
Singapore,2016-02-23,225.8242221201
Singapore,2016-02-24,202.0548984598
Singapore,2016-02-25,251.7974475914
Singapore,2016-02-26,350.2885669536
Singapore,2016-02-27,186.5729008296
Singapore,2016-02-28,266.2133410885
Singapore,2016-02-29,582.6785423369
Singapore,2016-03-01,288.7053143715
Singapore,2016-03-02,447.8996599006
Singapore,2016-03-03,314.1548037962
Singapore,2016-03-04,161.9507527924
Singapore,2016-03-05,419.3687016909
Singapore,2016-03-06,377.389127312
Singapore,2016-03-07,304.8946673055
Singapore,2016-03-08,168.2078617952
Singapore,2016-03-09,300.9583004348
Singapore,2016-03-10,404.7579739562
Singapore,2016-03-11,442.6075777266
Singapore,2016-03-12,346.0063915741
Singapore,2016-03-13,275.6692937579
Singapore,2016-03-14,307.1880311372
Singapore,2016-03-15,228.8093299543
Singapore,2016-03-16,295.5056270523
Singapore,2016-03-17,367.7806472101
Singapore,2016-03-18,300.9509159082
Singapore,2016-03-19,204.2242468438
Singapore,2016-03-20,299.8904352564
Singapore,2016-03-21,389.526658613
Singapore,2016-03-22,487.9379502176
Singapore,2016-03-23,194.4263469798
Singapore,2016-03-24,290.4925227666
Singapore,2016-03-25,137.2327902882
Singapore,2016-03-26,256.8605402042
Singapore,2016-03-27,465.0185730813
Singapore,2016-03-28,370.8869430551
Singapore,2016-03-29,362.5318427218
Singapore,2016-03-30,347.1077418568
Singapore,2016-03-31,290.9415137606
Singapore,2016-04-01,519.1654447224
Singapore,2016-04-02,434.2075281571
Singapore,2016-04-03,271.9163875555
Singapore,2016-04-04,378.5009800324
Singapore,2016-04-05,537.2318756066
Singapore,2016-04-06,148.8893591132
Singapore,2016-04-07,350.973738913
Singapore,2016-04-08,386.7998569602
Singapore,2016-04-09,247.6353335036
Singapore,2016-04-10,176.0521413403
Singapore,2016-04-11,238.4523067112
Singapore,2016-04-12,340.8959240279
Singapore,2016-04-13,335.4292761197
Singapore,2016-04-14,238.882412472
Singapore,2016-04-15,361.4958700888
Singapore,2016-04-16,256.6852925497
Singapore,2016-04-17,314.0465228396
Singapore,2016-04-18,519.2508583052
Singapore,2016-04-19,370.1618142459
Singapore,2016-04-20,244.6578057338
Singapore,2016-04-21,410.6668630833
Singapore,2016-04-22,268.2632497994
Singapore,2016-04-23,152.9408689209
Singapore,2016-04-24,236.386215805
Singapore,2016-04-25,402.0537466983
Singapore,2016-04-26,406.8674691543
Singapore,2016-04-27,297.2461194679
Singapore,2016-04-28,439.6361536786
Singapore,2016-04-29,254.9617437963
Singapore,2016-04-30,205.9551937721
Singapore,2016-05-01,324.5647935189
Singapore,2016-05-02,225.0106676848
Singapore,2016-05-03,350.8519038789
Singapore,2016-05-04,497.0676947977
Singapore,2016-05-05,182.0180175181
Singapore,2016-05-06,372.4285275095
Singapore,2016-05-07,474.7128463276
Singapore,2016-05-08,298.8217349962
Singapore,2016-05-09,373.9988760038
Singapore,2016-05-10,266.7983029702
Singapore,2016-05-11,298.1272138327
Singapore,2016-05-12,132.0024417369
Singapore,2016-05-13,541.9793194772
Singapore,2016-05-14,200.5590459493
Singapore,2016-05-15,456.2990260758
Singapore,2016-05-16,352.5438178441
Singapore,2016-05-17,452.4287447895
Singapore,2016-05-18,344.8893738163
Singapore,2016-05-19,416.7216275338
Singapore,2016-05-20,336.0547761021
Singapore,2016-05-21,288.9554604564
Singapore,2016-05-22,262.2761839298
Singapore,2016-05-23,152.933343144
Singapore,2016-05-24,278.9867806672
Singapore,2016-05-25,332.4138643801
Singapore,2016-05-26,474.2259298031
Singapore,2016-05-27,348.2211489822
Singapore,2016-05-28,404.4766272597
Singapore,2016-05-29,166.7261125217
Singapore,2016-05-30,347.8852621353
Singapore,2016-05-31,201.271550845
Singapore,2016-06-01,268.7541672814
Singapore,2016-06-02,273.1923393495
Singapore,2016-06-03,231.447664754
Singapore,2016-06-04,290.0926620801
Singapore,2016-06-05,433.779977814
Singapore,2016-06-06,383.0841050062
Singapore,2016-06-07,323.9877222764
Singapore,2016-06-08,333.6966853698
Singapore,2016-06-09,231.6484900245
Singapore,2016-06-10,35.5314440166
Singapore,2016-06-11,402.9220951892
Singapore,2016-06-12,278.9019388664
Singapore,2016-06-13,379.921380084
Singapore,2016-06-14,168.4206267702
Singapore,2016-06-15,264.5354105798
Singapore,2016-06-16,300.9495136779
Singapore,2016-06-17,174.9369664182
Singapore,2016-06-18,313.0893424205
Singapore,2016-06-19,197.7760201137
Singapore,2016-06-20,236.902294756
Singapore,2016-06-21,488.3278169715
Singapore,2016-06-22,278.4468759759
Singapore,2016-06-23,298.3096801337
Singapore,2016-06-24,338.1515542994
Singapore,2016-06-25,477.0470551531
Singapore,2016-06-26,279.2591923738
Singapore,2016-06-27,375.0535989878
Singapore,2016-06-28,505.9921496146
Singapore,2016-06-29,428.59499244
Singapore,2016-06-30,485.2519984391
Singapore,2016-07-01,319.4669872653
Singapore,2016-07-02,186.2383496339
Singapore,2016-07-03,427.617107463
Singapore,2016-07-04,307.6566739407
Singapore,2016-07-05,449.2157774986
Singapore,2016-07-06,341.109118189
Singapore,2016-07-07,264.1133108623
Singapore,2016-07-08,331.1386032639
Singapore,2016-07-09,229.6415179852
Singapore,2016-07-10,354.4134072294
Singapore,2016-07-11,276.6592617296
Singapore,2016-07-12,179.9120644213
Singapore,2016-07-13,277.972629727
Singapore,2016-07-14,326.2204901745
Singapore,2016-07-15,400.1117718937
Singapore,2016-07-16,456.0718756715
Singapore,2016-07-17,370.2780396754
Singapore,2016-07-18,277.6031802449
Singapore,2016-07-19,286.1910676748
Singapore,2016-07-20,616.5657981104
Singapore,2016-07-21,387.5228167088
Singapore,2016-07-22,434.07512641
Singapore,2016-07-23,275.5264452484
Singapore,2016-07-24,177.5685613074
Singapore,2016-07-25,280.0149772227
Singapore,2016-07-26,289.6228143399
Singapore,2016-07-27,172.0792960586
Singapore,2016-07-28,211.5736152826
Singapore,2016-07-29,189.2924532088
Singapore,2016-07-30,489.3769677756
Singapore,2016-07-31,404.6905583132
Singapore,2016-08-01,399.7963184348
Singapore,2016-08-02,395.6384943647
Singapore,2016-08-03,447.8491472853
Singapore,2016-08-04,424.0654310264
Singapore,2016-08-05,214.7555739307
Singapore,2016-08-06,400.0230458578
Singapore,2016-08-07,218.0315841967
Singapore,2016-08-08,307.4882086923
Singapore,2016-08-09,524.4470667659
Singapore,2016-08-10,358.532072387
Singapore,2016-08-11,296.3393288693
Singapore,2016-08-12,300.7018633756
Singapore,2016-08-13,311.702535608
Singapore,2016-08-14,523.8729456167
Singapore,2016-08-15,476.0143703433
Singapore,2016-08-16,371.2162155011
Singapore,2016-08-17,280.7198745027
Singapore,2016-08-18,389.4220932351
Singapore,2016-08-19,373.4358973849
Singapore,2016-08-20,365.9283388541
Singapore,2016-08-21,264.5438821944
Singapore,2016-08-22,365.2499259793
Singapore,2016-08-23,312.6536066683
Singapore,2016-08-24,326.4498354327
Singapore,2016-08-25,386.5305569725
Singapore,2016-08-26,256.3802852919
Singapore,2016-08-27,319.0393615974
Singapore,2016-08-28,381.8903464105
Singapore,2016-08-29,165.0080769442
Singapore,2016-08-30,292.9587681837
Singapore,2016-08-31,330.6227647344
Singapore,2016-09-01,296.5694739608
Singapore,2016-09-02,192.1469844498
Singapore,2016-09-03,243.1085492885
Singapore,2016-09-04,330.7043348833
Singapore,2016-09-05,180.9686229028
Singapore,2016-09-06,388.2882708592
Singapore,2016-09-07,163.2513632261
Singapore,2016-09-08,371.2178963227
Singapore,2016-09-09,327.5215976019
Singapore,2016-09-10,215.804547469
Singapore,2016-09-11,132.2412888137
Singapore,2016-09-12,318.0147593357
Singapore,2016-09-13,482.8616315932
Singapore,2016-09-14,337.7042634259
Singapore,2016-09-15,418.272668823
Singapore,2016-09-16,379.9901940497
Singapore,2016-09-17,462.6307546729
Singapore,2016-09-18,251.6910791231
Singapore,2016-09-19,253.0600770299
Singapore,2016-09-20,560.6904143149
Singapore,2016-09-21,434.9639587849
Singapore,2016-09-22,414.9696761592
Singapore,2016-09-23,417.43803443
Singapore,2016-09-24,276.6987164876
Singapore,2016-09-25,378.4095753004
Singapore,2016-09-26,372.1825422954
Singapore,2016-09-27,397.0109454855
Singapore,2016-09-28,357.1071498739
Singapore,2016-09-29,394.2074574913
Singapore,2016-09-30,376.9858760098
Singapore,2016-10-01,171.7345595351
Singapore,2016-10-02,482.3076640153
Singapore,2016-10-03,524.9144033394
Singapore,2016-10-04,365.8998348111
Singapore,2016-10-05,348.890745701
Singapore,2016-10-06,310.6730379527
Singapore,2016-10-07,410.2124712963
Singapore,2016-10-08,212.8163128165
Singapore,2016-10-09,386.8249138722
Singapore,2016-10-10,512.9003168869
Singapore,2016-10-11,160.6959337095
Singapore,2016-10-12,424.6216478696
Singapore,2016-10-13,163.782277395
Singapore,2016-10-14,321.9573642985
Singapore,2016-10-15,251.5232517548
Singapore,2016-10-16,304.4910142726
Singapore,2016-10-17,262.6554411079
Singapore,2016-10-18,218.5789546946
Singapore,2016-10-19,404.6288699127
Singapore,2016-10-20,465.1895241995
Singapore,2016-10-21,241.2799938193
Singapore,2016-10-22,421.2419427648
Singapore,2016-10-23,246.0256615964
Singapore,2016-10-24,367.3537161107
Singapore,2016-10-25,303.2945888354
Singapore,2016-10-26,337.1587560206
Singapore,2016-10-27,666.4694315615
Singapore,2016-10-28,279.7415817742
Singapore,2016-10-29,300.06568912
Singapore,2016-10-30,147.6584885623
Singapore,2016-10-31,415.0832354204
Singapore,2016-11-01,173.4184715378
Singapore,2016-11-02,242.8121154192
Singapore,2016-11-03,276.9558323659
Singapore,2016-11-04,320.6674569736
Singapore,2016-11-05,416.6824262543
Singapore,2016-11-06,467.6918970737
Singapore,2016-11-07,238.91616064
Singapore,2016-11-08,393.357194607
Singapore,2016-11-09,364.1295356408
Singapore,2016-11-10,482.7723216774
Singapore,2016-11-11,308.2101773226
Singapore,2016-11-12,464.2859893125
Singapore,2016-11-13,495.0879131335
Singapore,2016-11-14,281.8618862902
Singapore,2016-11-15,372.4024494065
Singapore,2016-11-16,284.4606114034
Singapore,2016-11-17,266.6299012853
Singapore,2016-11-18,290.4390125551
Singapore,2016-11-19,292.721403578
Singapore,2016-11-20,396.5674154197
Singapore,2016-11-21,584.079591892
Singapore,2016-11-22,321.7355016116
Singapore,2016-11-23,371.0177797187
Singapore,2016-11-24,196.0876060613
Singapore,2016-11-25,326.1062685772
Singapore,2016-11-26,330.900398846
Singapore,2016-11-27,380.7714021935
Singapore,2016-11-28,319.0590395882
Singapore,2016-11-29,187.2027217485
Singapore,2016-11-30,511.0516464119
Singapore,2016-12-01,305.3542828009
Singapore,2016-12-02,379.0103885861
Singapore,2016-12-03,180.8952465615
Singapore,2016-12-04,588.9704771324
Singapore,2016-12-05,314.4072646858
Singapore,2016-12-06,297.2918759124
Singapore,2016-12-07,219.8470369465
Singapore,2016-12-08,392.2998760407
Singapore,2016-12-09,482.2896740648
Singapore,2016-12-10,381.0297388964
Singapore,2016-12-11,358.0774232313
Singapore,2016-12-12,214.281519694
Singapore,2016-12-13,381.7681200137
Singapore,2016-12-14,195.7643274986
Singapore,2016-12-15,302.996140772
Singapore,2016-12-16,320.0856401882
Singapore,2016-12-17,361.9760777901
Singapore,2016-12-18,189.8424173974
Singapore,2016-12-19,272.5383976657
Singapore,2016-12-20,431.775900514
Singapore,2016-12-21,162.2576005098
Singapore,2016-12-22,536.3441287368
Singapore,2016-12-23,234.6780473779
Singapore,2016-12-24,201.4111761456
Singapore,2016-12-25,420.3400116019
Singapore,2016-12-26,292.7583839989
Singapore,2016-12-27,350.562846026
Singapore,2016-12-28,286.887866448
Singapore,2016-12-29,531.8928075483
Singapore,2016-12-30,167.0745079553
Singapore,2016-12-31,352.7355944803
United States,2016-01-01,255.2759525124
United States,2016-01-02,452.3137065745
United States,2016-01-03,238.0480108098
United States,2016-01-04,160.4951457215
United States,2016-01-05,393.2971931136
United States,2016-01-06,133.1135708961
United States,2016-01-07,488.9675899638
United States,2016-01-08,382.5883428014
United States,2016-01-09,123.6482343739
United States,2016-01-10,265.9888709042
United States,2016-01-11,538.9281645464
United States,2016-01-12,310.3990369685
United States,2016-01-13,556.014552598
United States,2016-01-14,334.5050191791
United States,2016-01-15,226.636721773
United States,2016-01-16,504.4796320706
United States,2016-01-17,233.2972287303
United States,2016-01-18,156.9406795376
United States,2016-01-19,260.7242845285
United States,2016-01-20,319.8203076511
United States,2016-01-21,294.2204189739
United States,2016-01-22,406.6016178401
United States,2016-01-23,331.4245098599
United States,2016-01-24,233.3539534039
United States,2016-01-25,319.5907538699
United States,2016-01-26,484.6358791398
United States,2016-01-27,64.9081101681
United States,2016-01-28,440.9889549235
United States,2016-01-29,375.1297150179
United States,2016-01-30,434.9558258151
United States,2016-01-31,328.6885031256
United States,2016-02-01,286.7891357025
United States,2016-02-02,337.9422628129
United States,2016-02-03,500.1665071484
United States,2016-02-04,514.7053131406
United States,2016-02-05,384.0208732646
United States,2016-02-06,383.1414546031
United States,2016-02-07,303.9964338209
United States,2016-02-08,352.8260784853
United States,2016-02-09,386.8043764039
United States,2016-02-10,254.3078198095
United States,2016-02-11,288.3265053555
United States,2016-02-12,192.8845677355
United States,2016-02-13,266.215204347
United States,2016-02-14,451.6098422887
United States,2016-02-15,269.4439998371
United States,2016-02-16,282.4048495088
United States,2016-02-17,246.2198280981
United States,2016-02-18,556.7676481416
United States,2016-02-19,221.2415150049
United States,2016-02-20,377.4219946973
United States,2016-02-21,413.6724459295
United States,2016-02-22,423.4505970368
United States,2016-02-23,434.322443674
United States,2016-02-24,409.5603744241
United States,2016-02-25,403.980460776
United States,2016-02-26,366.2519753109
United States,2016-02-27,376.8942863348
United States,2016-02-28,455.442237286
United States,2016-02-29,290.4477188569
United States,2016-03-01,323.9998327528
United States,2016-03-02,313.7041482353
United States,2016-03-03,202.6287588232
United States,2016-03-04,471.4099414876
United States,2016-03-05,336.5073986493
United States,2016-03-06,305.7939776052
United States,2016-03-07,395.803630288
United States,2016-03-08,464.0612177348
United States,2016-03-09,491.8532492886
United States,2016-03-10,416.3498341211
United States,2016-03-11,349.6817969358
United States,2016-03-12,368.3193709918
United States,2016-03-13,436.7933467532
United States,2016-03-14,341.342168564
United States,2016-03-15,365.4994713785
United States,2016-03-16,213.0412358893
United States,2016-03-17,490.0966823018
United States,2016-03-18,295.106491173
United States,2016-03-19,263.4506939167
United States,2016-03-20,270.2726782837
United States,2016-03-21,319.728326353
United States,2016-03-22,297.2335068012
United States,2016-03-23,399.2376138458
United States,2016-03-24,205.086445347
United States,2016-03-25,310.1918991065
United States,2016-03-26,312.9454425346
United States,2016-03-27,364.0485359683
United States,2016-03-28,353.6348428654
United States,2016-03-29,274.2337582006
United States,2016-03-30,401.5731928821
United States,2016-03-31,236.5493369103
United States,2016-04-01,244.9234410071
United States,2016-04-02,288.0354424063
United States,2016-04-03,233.3717386527
United States,2016-04-04,356.0842439333
United States,2016-04-05,360.4112291536
United States,2016-04-06,120.1052845891
United States,2016-04-07,388.5400272758
United States,2016-04-08,275.3362144734
United States,2016-04-09,404.6917158611
United States,2016-04-10,449.1719319332
United States,2016-04-11,591.297494684
United States,2016-04-12,322.8682503621
United States,2016-04-13,358.5866503122
United States,2016-04-14,307.7387018544
United States,2016-04-15,340.2544904901
United States,2016-04-16,124.4232770667
United States,2016-04-17,332.8843194636
United States,2016-04-18,264.3271969142
United States,2016-04-19,335.1094495067
United States,2016-04-20,423.6501953634
United States,2016-04-21,310.610958079
United States,2016-04-22,217.8180178941
United States,2016-04-23,321.7660226296
United States,2016-04-24,194.1465729355
United States,2016-04-25,500.7107202182
United States,2016-04-26,343.9913892082
United States,2016-04-27,551.9308662384
United States,2016-04-28,260.5198838593
United States,2016-04-29,421.9201534632
United States,2016-04-30,606.4316802551
United States,2016-05-01,219.5440594081
United States,2016-05-02,358.4466780344
United States,2016-05-03,470.3846965074
United States,2016-05-04,324.6220291356
United States,2016-05-05,415.7035146048
United States,2016-05-06,355.295702276
United States,2016-05-07,210.945059044
United States,2016-05-08,345.9819423086
United States,2016-05-09,130.5645765289
United States,2016-05-10,459.6904565586
United States,2016-05-11,293.0474174205
United States,2016-05-12,394.6574710751
United States,2016-05-13,279.1368387977
United States,2016-05-14,376.9648169095
United States,2016-05-15,331.3446621646
United States,2016-05-16,448.1859591332
United States,2016-05-17,351.1606356789
United States,2016-05-18,256.0743542033
United States,2016-05-19,342.7255901709
United States,2016-05-20,305.5020075649
United States,2016-05-21,407.8453535654
United States,2016-05-22,425.8774060152
United States,2016-05-23,410.7244792633
United States,2016-05-24,369.4653647586
United States,2016-05-25,242.2818550561
United States,2016-05-26,291.4191137819
United States,2016-05-27,453.4794190694
United States,2016-05-28,304.2739540814
United States,2016-05-29,259.3545709654
United States,2016-05-30,316.6840515978
United States,2016-05-31,293.5357909737
United States,2016-06-01,407.4007934216
United States,2016-06-02,329.7857698297
United States,2016-06-03,396.7188103653
United States,2016-06-04,277.0115765061
United States,2016-06-05,665.2428776604
United States,2016-06-06,415.5430265316
United States,2016-06-07,580.5117627022
United States,2016-06-08,319.7280900621
United States,2016-06-09,418.3623808096
United States,2016-06-10,397.5085935818
United States,2016-06-11,360.2935647332
United States,2016-06-12,491.0329581004
United States,2016-06-13,462.193637452
United States,2016-06-14,502.8639398598
United States,2016-06-15,499.3045860625
United States,2016-06-16,156.1143468836
United States,2016-06-17,414.5048037096
United States,2016-06-18,324.7916923246
United States,2016-06-19,239.1692269083
United States,2016-06-20,629.0414986114
United States,2016-06-21,476.1572855519
United States,2016-06-22,356.9523974198
United States,2016-06-23,241.1258645868
United States,2016-06-24,265.331674679
United States,2016-06-25,416.6228887287
United States,2016-06-26,531.2099793926
United States,2016-06-27,157.4083249989
United States,2016-06-28,372.411507838
United States,2016-06-29,318.3761457221
United States,2016-06-30,336.3419741356
United States,2016-07-01,240.4765127687
United States,2016-07-02,323.9096329137
United States,2016-07-03,453.4942273382
United States,2016-07-04,434.3164613432
United States,2016-07-05,231.4394088914
United States,2016-07-06,341.5215896358
United States,2016-07-07,292.5913693351
United States,2016-07-08,191.4717474737
United States,2016-07-09,193.5327357661
United States,2016-07-10,487.2065227543
United States,2016-07-11,303.6876313315
United States,2016-07-12,231.8066733238
United States,2016-07-13,351.5863728738
United States,2016-07-14,464.2211166306
United States,2016-07-15,207.3597029366
United States,2016-07-16,134.5176159152
United States,2016-07-17,504.563310234
United States,2016-07-18,247.7803037822
United States,2016-07-19,306.1018269353
United States,2016-07-20,427.4002337176
United States,2016-07-21,613.28561923
United States,2016-07-22,233.7809359211
United States,2016-07-23,531.1593528255
United States,2016-07-24,367.662239578
United States,2016-07-25,347.764062577
United States,2016-07-26,412.0387554671
United States,2016-07-27,367.8851422342
United States,2016-07-28,307.4098741403
United States,2016-07-29,289.329617881
United States,2016-07-30,123.8554061803
United States,2016-07-31,401.59644317
United States,2016-08-01,377.8620659231
United States,2016-08-02,332.3277348363
United States,2016-08-03,298.8222933247
United States,2016-08-04,344.844800357
United States,2016-08-05,251.4389284861
United States,2016-08-06,375.7128334009
United States,2016-08-07,206.5773806044
United States,2016-08-08,181.7587466476
United States,2016-08-09,414.4652979694
United States,2016-08-10,224.990293881
United States,2016-08-11,416.0764857234
United States,2016-08-12,423.5205571701
United States,2016-08-13,310.5902897211
United States,2016-08-14,201.9646308964
United States,2016-08-15,465.9361308771
United States,2016-08-16,565.2538166375
United States,2016-08-17,246.2379117359
United States,2016-08-18,331.0453138536
United States,2016-08-19,197.0951242558
United States,2016-08-20,317.1587487956
United States,2016-08-21,567.5662773804
United States,2016-08-22,249.3934419484
United States,2016-08-23,426.5516214383
United States,2016-08-24,75.464231096
United States,2016-08-25,305.9455631247
United States,2016-08-26,152.2584946069
United States,2016-08-27,358.1371924874
United States,2016-08-28,384.987361673
United States,2016-08-29,603.684114233
United States,2016-08-30,428.1241484238
United States,2016-08-31,274.958424271
United States,2016-09-01,465.2671304035
United States,2016-09-02,445.0531014329
United States,2016-09-03,375.4623337608
United States,2016-09-04,391.4519060958
United States,2016-09-05,297.1925281881
United States,2016-09-06,522.3306448405
United States,2016-09-07,427.5594336764
United States,2016-09-08,323.2468751185
United States,2016-09-09,215.1893002047
United States,2016-09-10,334.32537903
United States,2016-09-11,403.0077129955
United States,2016-09-12,293.5788144454
United States,2016-09-13,315.5115446161
United States,2016-09-14,294.353302584
United States,2016-09-15,181.5916279961
United States,2016-09-16,334.3493926415
United States,2016-09-17,595.6456745279
United States,2016-09-18,275.3743345928
United States,2016-09-19,512.1098294274
United States,2016-09-20,376.1531700234
United States,2016-09-21,418.746794957
United States,2016-09-22,220.6757053249
United States,2016-09-23,225.1965672245
United States,2016-09-24,454.7943026895
United States,2016-09-25,617.2805880835
United States,2016-09-26,423.7076134964
United States,2016-09-27,497.585105223
United States,2016-09-28,370.0330104916
United States,2016-09-29,378.6030805961
United States,2016-09-30,305.9619601287
United States,2016-10-01,372.355672315
United States,2016-10-02,271.5163278217
United States,2016-10-03,454.6511684774
United States,2016-10-04,518.4647006236
United States,2016-10-05,489.5521187751
United States,2016-10-06,485.4695370416
United States,2016-10-07,274.785832929
United States,2016-10-08,378.5539437994
United States,2016-10-09,507.2301088409
United States,2016-10-10,218.2688689053
United States,2016-10-11,370.0154807984
United States,2016-10-12,123.0668651721
United States,2016-10-13,91.8236231804
United States,2016-10-14,237.5174959287
United States,2016-10-15,153.1843420803
United States,2016-10-16,424.0368922684
United States,2016-10-17,242.0133931064
United States,2016-10-18,307.6731515612
United States,2016-10-19,312.734587727
United States,2016-10-20,535.3202531073
United States,2016-10-21,308.3704304619
United States,2016-10-22,374.5763614014
United States,2016-10-23,553.0775754939
United States,2016-10-24,300.4212797276
United States,2016-10-25,54.8014233657
United States,2016-10-26,354.4935697345
United States,2016-10-27,473.7063445211
United States,2016-10-28,549.1487619569
United States,2016-10-29,358.4480412241
United States,2016-10-30,236.0847006479
United States,2016-10-31,429.7324268672
United States,2016-11-01,432.5402868917
United States,2016-11-02,360.1132609458
United States,2016-11-03,339.9983212858
United States,2016-11-04,298.0091140742
United States,2016-11-05,396.2093085838
United States,2016-11-06,554.2865642266
United States,2016-11-07,330.7562747217
United States,2016-11-08,275.443095926
United States,2016-11-09,508.1350182864
United States,2016-11-10,225.1639652265
United States,2016-11-11,198.2924659678
United States,2016-11-12,353.6403672472
United States,2016-11-13,292.0009587185
United States,2016-11-14,352.6976439811
United States,2016-11-15,513.7030911746
United States,2016-11-16,254.3691625141
United States,2016-11-17,182.6705496408
United States,2016-11-18,355.9274897991
United States,2016-11-19,345.6429985673
United States,2016-11-20,495.780519892
United States,2016-11-21,243.1726179992
United States,2016-11-22,173.2185863469
United States,2016-11-23,503.8676761183
United States,2016-11-24,359.9494682873
United States,2016-11-25,542.1536148823
United States,2016-11-26,394.0491048523
United States,2016-11-27,339.3653020175
United States,2016-11-28,423.3433951754
United States,2016-11-29,399.1278141845
United States,2016-11-30,220.7803541571
United States,2016-12-01,281.8853613155
United States,2016-12-02,285.102195836
United States,2016-12-03,257.453863113
United States,2016-12-04,195.6418021555
United States,2016-12-05,259.2345727217
United States,2016-12-06,194.5567563421
United States,2016-12-07,78.2918548334
United States,2016-12-08,327.7552965536
United States,2016-12-09,508.2097925073
United States,2016-12-10,263.7730017667
United States,2016-12-11,466.9483939346
United States,2016-12-12,385.5434051193
United States,2016-12-13,379.9987496714
United States,2016-12-14,172.4917989923
United States,2016-12-15,405.5712703559
United States,2016-12-16,161.8516252642
United States,2016-12-17,293.3676722589
United States,2016-12-18,214.227238914
United States,2016-12-19,295.9236905945
United States,2016-12-20,402.2111137947
United States,2016-12-21,406.1039090715
United States,2016-12-22,275.3598013183
United States,2016-12-23,563.0010497249
United States,2016-12-24,180.0504660318
United States,2016-12-25,276.266867092
United States,2016-12-26,435.2695515266
United States,2016-12-27,315.8922246943
United States,2016-12-28,442.8836561359
United States,2016-12-29,327.1955350817
United States,2016-12-30,236.6914696713
United States,2016-12-31,329.9030674999
India,2016-01-01,730.9327149485
India,2016-01-02,1225.1045873377
India,2016-01-03,737.9680514229
India,2016-01-04,830.0429835235
India,2016-01-05,856.6930777292
India,2016-01-06,823.529477495
India,2016-01-07,739.0315322828
India,2016-01-08,1208.1472311851
India,2016-01-09,363.3017033937
India,2016-01-10,829.8470152505
India,2016-01-11,1206.3379235286
India,2016-01-12,1223.7550753096
India,2016-01-13,809.1372512977
India,2016-01-14,825.0145238981
India,2016-01-15,328.8463075165
India,2016-01-16,494.4632970741
India,2016-01-17,468.6167474383
India,2016-01-18,751.2816255472
India,2016-01-19,345.1471458384
India,2016-01-20,624.9680738911
India,2016-01-21,952.9308131343
India,2016-01-22,446.3457675994
India,2016-01-23,198.0840185245
India,2016-01-24,592.1406570514
India,2016-01-25,623.4572604886
India,2016-01-26,421.2033217714
India,2016-01-27,868.5991413548
India,2016-01-28,53.861368749
India,2016-01-29,709.1307238662
India,2016-01-30,1208.1854329769
India,2016-01-31,499.83821517
India,2016-02-01,755.52895697
India,2016-02-02,773.5483326393
India,2016-02-03,681.7959168114
India,2016-02-04,642.7713577879
India,2016-02-05,938.9341641709
India,2016-02-06,348.8955665889
India,2016-02-07,1177.2579320832
India,2016-02-08,900.9322454537
India,2016-02-09,1328.002555604
India,2016-02-10,751.910160459
India,2016-02-11,613.4957804253
India,2016-02-12,451.8798749143
India,2016-02-13,756.8123037359
India,2016-02-14,827.7297366372
India,2016-02-15,1098.657603879
India,2016-02-16,1269.4859139487
India,2016-02-17,995.7171082963
India,2016-02-18,423.7290317818
India,2016-02-19,321.4764526502
India,2016-02-20,185.4814163528
India,2016-02-21,789.9607961932
India,2016-02-22,534.6207087949
India,2016-02-23,722.5721136935
India,2016-02-24,346.7234546783
India,2016-02-25,922.9519248057
India,2016-02-26,110.2826023299
India,2016-02-27,374.9657171897
India,2016-02-28,1229.1469816166
India,2016-02-29,326.371570154
India,2016-03-01,594.7639243563
India,2016-03-02,678.3628771984
India,2016-03-03,751.8562439233
India,2016-03-04,363.5995229207
India,2016-03-05,425.5310141729
India,2016-03-06,519.5982816677
India,2016-03-07,582.8020759013
India,2016-03-08,770.3378535108
India,2016-03-09,907.7335251878
India,2016-03-10,843.8408543126
India,2016-03-11,420.6494435599
India,2016-03-12,564.6491007129
India,2016-03-13,837.0357023072
India,2016-03-14,719.9004678952
India,2016-03-15,913.6476688803
India,2016-03-16,944.5567619322
India,2016-03-17,504.3901844584
India,2016-03-18,328.3024881902
India,2016-03-19,1226.5617397448
India,2016-03-20,786.4417309243
India,2016-03-21,1015.4042684264
India,2016-03-22,1211.9363837933
India,2016-03-23,796.3765249232
India,2016-03-24,1297.4360707259
India,2016-03-25,755.2876852584
India,2016-03-26,810.2576689632
India,2016-03-27,720.8405187349
India,2016-03-28,663.3276482503
India,2016-03-29,1165.0072558022
India,2016-03-30,935.5129593165
India,2016-03-31,820.8921500828
India,2016-04-01,1360.7798544624
India,2016-04-02,738.0524742578
India,2016-04-03,477.1032815987
India,2016-04-04,536.0825229255
India,2016-04-05,1017.028312374
India,2016-04-06,183.3561987058
India,2016-04-07,887.1024109114
India,2016-04-08,407.8340048154
India,2016-04-09,1388.5288786721
India,2016-04-10,618.3092930462
India,2016-04-11,492.2693980877
India,2016-04-12,962.549653154
India,2016-04-13,955.6449229921
India,2016-04-14,415.2756811525
India,2016-04-15,947.6543490531
India,2016-04-16,543.1122784928
India,2016-04-17,54.7155238811
India,2016-04-18,837.2888749327
India,2016-04-19,596.6387042137
India,2016-04-20,710.1077650275
India,2016-04-21,1033.4100480963
India,2016-04-22,709.5936914751
India,2016-04-23,309.4257378902
India,2016-04-24,950.4878001333
India,2016-04-25,1093.9628819571
India,2016-04-26,234.5615550426
India,2016-04-27,276.777600271
India,2016-04-28,475.8644813011
India,2016-04-29,980.6303175575
India,2016-04-30,885.9008253186
India,2016-05-01,846.6386585317
India,2016-05-02,726.6032070852
India,2016-05-03,980.336886259
India,2016-05-04,282.9759591908
India,2016-05-05,825.1685218342
India,2016-05-06,756.7306272949
India,2016-05-07,1432.8523820642
India,2016-05-08,758.3523267321
India,2016-05-09,809.2104983028
India,2016-05-10,271.9504256458
India,2016-05-11,922.4380487391
India,2016-05-12,690.2566777659
India,2016-05-13,992.4545398039
India,2016-05-14,1312.3703457295
India,2016-05-15,653.883690134
India,2016-05-16,1397.1768972158
India,2016-05-17,949.91725333
India,2016-05-18,939.1049037222
India,2016-05-19,812.0263045726
India,2016-05-20,272.7786789584
India,2016-05-21,479.4502539594
India,2016-05-22,544.2878849759
India,2016-05-23,734.6214820752
India,2016-05-24,819.0922088063
India,2016-05-25,915.129618821
India,2016-05-26,789.9545174982
India,2016-05-27,285.1172767857
India,2016-05-28,921.7466218804
India,2016-05-29,655.2856603958
India,2016-05-30,238.9296918373
India,2016-05-31,623.1355367395
India,2016-06-01,469.1355848512
India,2016-06-02,848.1823559959
India,2016-06-03,754.1263727172
India,2016-06-04,776.0800521798
India,2016-06-05,975.7985316648
India,2016-06-06,350.6454158129
India,2016-06-07,822.632153078
India,2016-06-08,161.3780702687
India,2016-06-09,824.8204149039
India,2016-06-10,579.4048068004
India,2016-06-11,661.5061878489
India,2016-06-12,655.3683912475
India,2016-06-13,858.4778216345
India,2016-06-14,819.1133362433
India,2016-06-15,436.4236522847
India,2016-06-16,909.1884241028
India,2016-06-17,825.6764184452
India,2016-06-18,823.4360409744
India,2016-06-19,1010.2425434831
India,2016-06-20,1056.6257149368
India,2016-06-21,904.9065000882
India,2016-06-22,1373.3065718444
India,2016-06-23,446.8220530509
India,2016-06-24,849.2179892707
India,2016-06-25,827.333995258
India,2016-06-26,479.4894466899
India,2016-06-27,875.7922526173
India,2016-06-28,1260.2966457768
India,2016-06-29,826.847348609
India,2016-06-30,857.792130707
India,2016-07-01,807.9513514088
India,2016-07-02,648.4617230599
India,2016-07-03,445.9988551978
India,2016-07-04,872.6185681371
India,2016-07-05,261.4762301952
India,2016-07-06,714.4476165028
India,2016-07-07,1102.8578137127
India,2016-07-08,677.9106305129
India,2016-07-09,570.8259355671
India,2016-07-10,198.9465405563
India,2016-07-11,1041.4524845661
India,2016-07-12,1026.149995201
India,2016-07-13,907.9236804211
India,2016-07-14,579.964961563
India,2016-07-15,942.7130375422
India,2016-07-16,335.9111632974
India,2016-07-17,824.1550455785
India,2016-07-18,918.1407988671
India,2016-07-19,1003.3230787977
India,2016-07-20,267.3742463732
India,2016-07-21,561.7285466282
India,2016-07-22,1007.0849619952
India,2016-07-23,610.3776898652
India,2016-07-24,891.6216251327
India,2016-07-25,1226.3999835683
India,2016-07-26,541.4339839124
India,2016-07-27,229.7251473336
India,2016-07-28,817.525265603
India,2016-07-29,636.137315226
India,2016-07-30,649.8655933889
India,2016-07-31,762.697845327
India,2016-08-01,920.9054966769
India,2016-08-02,293.2876582247
India,2016-08-03,994.6908938646
India,2016-08-04,924.028928483
India,2016-08-05,703.4689461103
India,2016-08-06,1145.6214675123
India,2016-08-07,305.4613647709
India,2016-08-08,260.8377300087
India,2016-08-09,747.6090203951
India,2016-08-10,729.2688770284
India,2016-08-11,616.0476618427
India,2016-08-12,668.4954093531
India,2016-08-13,655.6415605293
India,2016-08-14,654.1165855672
India,2016-08-15,649.0989100192
India,2016-08-16,463.4365793435
India,2016-08-17,713.1166981518
India,2016-08-18,886.3622345674
India,2016-08-19,889.3620153196
India,2016-08-20,562.0416419435
India,2016-08-21,172.8000054619
India,2016-08-22,651.3046595765
India,2016-08-23,402.2698283355
India,2016-08-24,610.9732490414
India,2016-08-25,298.1226316609
India,2016-08-26,884.4233291103
India,2016-08-27,612.1621545379
India,2016-08-28,1545.1931995797
India,2016-08-29,690.0395587372
India,2016-08-30,254.7535129551
India,2016-08-31,884.6036273306
India,2016-09-01,811.6004391339
India,2016-09-02,727.8738440909
India,2016-09-03,594.2133947997
India,2016-09-04,556.4618225108
India,2016-09-05,482.4947533386
India,2016-09-06,648.5509835867
India,2016-09-07,501.4154508993
India,2016-09-08,859.7650204122
India,2016-09-09,973.3126176331
India,2016-09-10,658.6145304801
India,2016-09-11,1319.1944211275
India,2016-09-12,1069.7135342533
India,2016-09-13,949.0579875061
India,2016-09-14,890.3048264329
India,2016-09-15,559.4388557487
India,2016-09-16,492.664982861
India,2016-09-17,1071.1498661855
India,2016-09-18,766.766823484
India,2016-09-19,1378.6960811006
India,2016-09-20,631.7515040647
India,2016-09-21,463.6424152302
India,2016-09-22,667.6738026122
India,2016-09-23,885.4543502539
India,2016-09-24,533.5581372869
India,2016-09-25,658.6822127504
India,2016-09-26,262.2799510166
India,2016-09-27,996.3796448748
India,2016-09-28,971.2349295629
India,2016-09-29,216.7976498758
India,2016-09-30,458.9629583292
India,2016-10-01,907.4612060828
India,2016-10-02,616.8199762819
India,2016-10-03,766.0208682805
India,2016-10-04,668.3179753968
India,2016-10-05,606.5267971794
India,2016-10-06,493.0006637404
India,2016-10-07,790.010179158
India,2016-10-08,475.1682773134
India,2016-10-09,1032.2055482384
India,2016-10-10,190.3536322416
India,2016-10-11,359.1872765142
India,2016-10-12,1033.1363695664
India,2016-10-13,1265.4339294076
India,2016-10-14,408.5465478205
India,2016-10-15,975.4622521922
India,2016-10-16,283.6663402562
India,2016-10-17,535.8641946914
India,2016-10-18,620.2679850663
India,2016-10-19,44.9820602364
India,2016-10-20,585.7565711406
India,2016-10-21,869.7048761851
India,2016-10-22,482.8707421656
India,2016-10-23,356.4379120227
India,2016-10-24,567.3687724476
India,2016-10-25,856.977638412
India,2016-10-26,477.1697942889
India,2016-10-27,405.0103817361
India,2016-10-28,539.9382731908
India,2016-10-29,167.1626015607
India,2016-10-30,821.0016620772
India,2016-10-31,553.4470799773
India,2016-11-01,956.9428497165
India,2016-11-02,584.202680022
India,2016-11-03,394.9825407234
India,2016-11-04,895.7908762547
India,2016-11-05,513.0031541842
India,2016-11-06,450.3280501462
India,2016-11-07,374.6041017112
India,2016-11-08,1168.8284491006
India,2016-11-09,923.3938853609
India,2016-11-10,837.4536395597
India,2016-11-11,454.9960793056
India,2016-11-12,550.5345144936
India,2016-11-13,536.53067305
India,2016-11-14,1001.8935705418
India,2016-11-15,988.9932863379
India,2016-11-16,510.0724256882
India,2016-11-17,787.2136439007
India,2016-11-18,868.4329507147
India,2016-11-19,595.7542175516
India,2016-11-20,896.8348390774
India,2016-11-21,821.406470283
India,2016-11-22,157.9801173123
India,2016-11-23,915.3507746756
India,2016-11-24,431.5939488144
India,2016-11-25,869.6320896123
India,2016-11-26,1451.770455199
India,2016-11-27,536.9034448627
India,2016-11-28,782.4370220281
India,2016-11-29,587.9968642476
India,2016-11-30,733.0361194557
India,2016-12-01,850.6407935278
India,2016-12-02,230.0498766114
India,2016-12-03,968.6818802645
India,2016-12-04,1046.2339148876
India,2016-12-05,1087.0624595144
India,2016-12-06,765.6791488494
India,2016-12-07,671.2129544095
India,2016-12-08,663.5978027298
India,2016-12-09,643.8257920086
India,2016-12-10,635.022020821
India,2016-12-11,960.6262439764
India,2016-12-12,904.5733542081
India,2016-12-13,79.8404684313
India,2016-12-14,1147.185048599
India,2016-12-15,701.1088787857
India,2016-12-16,825.8658712735
India,2016-12-17,0
India,2016-12-18,877.8673993934
India,2016-12-19,147.6917540639
India,2016-12-20,628.3339028839
India,2016-12-21,1067.5231931996
India,2016-12-22,917.5863798046
India,2016-12-23,1172.0288478473
India,2016-12-24,1163.4128407972
India,2016-12-25,1017.5643567629
India,2016-12-26,274.2352672179
India,2016-12-27,867.9587123041
India,2016-12-28,821.9450024338
India,2016-12-29,424.9625675446
India,2016-12-30,349.0606748228
India,2016-12-31,794.2199292746
Canada,2016-01-01,118.8003461085
Canada,2016-01-02,299.8307615215
Canada,2016-01-03,499.1116072334
Canada,2016-01-04,282.4868068141
Canada,2016-01-05,149.8798171948
Canada,2016-01-06,329.5945169668
Canada,2016-01-07,223.9712142631
Canada,2016-01-08,263.2895746968
Canada,2016-01-09,250.3899489681
Canada,2016-01-10,317.8324529556
Canada,2016-01-11,347.6394371893
Canada,2016-01-12,249.666874238
Canada,2016-01-13,249.8200662215
Canada,2016-01-14,390.7544736835
Canada,2016-01-15,369.2158546802
Canada,2016-01-16,341.738719075
Canada,2016-01-17,280.3075635099
Canada,2016-01-18,314.682055474
Canada,2016-01-19,433.3477996246
Canada,2016-01-20,249.752715202
Canada,2016-01-21,382.1868099506
Canada,2016-01-22,257.0697795919
Canada,2016-01-23,34.0137648919
Canada,2016-01-24,512.3581261873
Canada,2016-01-25,256.7063904268
Canada,2016-01-26,243.522794562
Canada,2016-01-27,326.6220984743
Canada,2016-01-28,257.3774516687
Canada,2016-01-29,464.3941673768
Canada,2016-01-30,445.1049080946
Canada,2016-01-31,229.3804012422
Canada,2016-02-01,304.0033735838
Canada,2016-02-02,386.4689429321
Canada,2016-02-03,354.204308241
Canada,2016-02-04,415.016795719
Canada,2016-02-05,63.3739786956
Canada,2016-02-06,356.9094490142
Canada,2016-02-07,144.8785268128
Canada,2016-02-08,224.026873859
Canada,2016-02-09,302.1915820114
Canada,2016-02-10,116.6445863416
Canada,2016-02-11,291.1295076139
Canada,2016-02-12,297.1851511572
Canada,2016-02-13,379.4327291641
Canada,2016-02-14,359.8467928795
Canada,2016-02-15,276.5084776007
Canada,2016-02-16,395.960382672
Canada,2016-02-17,302.4816319087
Canada,2016-02-18,361.7857276785
Canada,2016-02-19,364.3933823345
Canada,2016-02-20,374.2984322896
Canada,2016-02-21,361.4052927323
Canada,2016-02-22,274.5530446868
Canada,2016-02-23,332.174765347
Canada,2016-02-24,304.4123588381
Canada,2016-02-25,376.3243822336
Canada,2016-02-26,377.2238489093
Canada,2016-02-27,269.0775624196
Canada,2016-02-28,112.9665414959
Canada,2016-02-29,387.4325545265
Canada,2016-03-01,391.6380752873
Canada,2016-03-02,255.7666894552
Canada,2016-03-03,407.7915381109
Canada,2016-03-04,307.4586678532
Canada,2016-03-05,482.5763377164
Canada,2016-03-06,169.4816457669
Canada,2016-03-07,395.0655771248
Canada,2016-03-08,369.4390539871
Canada,2016-03-09,246.6243802699
Canada,2016-03-10,128.4694988088
Canada,2016-03-11,283.6203382546
Canada,2016-03-12,428.2914890905
Canada,2016-03-13,291.3921615346
Canada,2016-03-14,451.858807924
Canada,2016-03-15,266.6101170527
Canada,2016-03-16,521.9635714234
Canada,2016-03-17,181.6099741536
Canada,2016-03-18,381.6864149065
Canada,2016-03-19,164.4409677385
Canada,2016-03-20,234.0431384439
Canada,2016-03-21,243.0714220361
Canada,2016-03-22,468.3155177343
Canada,2016-03-23,192.7801579244
Canada,2016-03-24,453.2210639396
Canada,2016-03-25,283.532140173
Canada,2016-03-26,437.7297984742
Canada,2016-03-27,233.390706828
Canada,2016-03-28,267.0404133168
Canada,2016-03-29,351.6271188074
Canada,2016-03-30,288.6136380936
Canada,2016-03-31,440.7515649861
Canada,2016-04-01,229.8240924796
Canada,2016-04-02,309.0837578975
Canada,2016-04-03,243.8650592192
Canada,2016-04-04,389.8921205528
Canada,2016-04-05,294.0347788771
Canada,2016-04-06,396.9892103359
Canada,2016-04-07,326.6039166874
Canada,2016-04-08,428.3462997729
Canada,2016-04-09,385.4061867116
Canada,2016-04-10,327.753331773
Canada,2016-04-11,262.7002281028
Canada,2016-04-12,342.0828937896
Canada,2016-04-13,373.4839121458
Canada,2016-04-14,521.5648637894
Canada,2016-04-15,272.326216516
Canada,2016-04-16,261.6169231235
Canada,2016-04-17,400.7658879911
Canada,2016-04-18,309.1438154187
Canada,2016-04-19,487.190350558
Canada,2016-04-20,366.5681874124
Canada,2016-04-21,353.6199099765
Canada,2016-04-22,200.5759624752
Canada,2016-04-23,373.2708487955
Canada,2016-04-24,262.7164590262
Canada,2016-04-25,343.5008025813
Canada,2016-04-26,232.5150498306
Canada,2016-04-27,288.3205819495
Canada,2016-04-28,196.9374541971
Canada,2016-04-29,268.7211582272
Canada,2016-04-30,320.3235274572
Canada,2016-05-01,352.5484918419
Canada,2016-05-02,310.0763902872
Canada,2016-05-03,359.9809915997
Canada,2016-05-04,140.8621718886
Canada,2016-05-05,258.5255312724
Canada,2016-05-06,415.5382123729
Canada,2016-05-07,312.265088869
Canada,2016-05-08,384.4315720288
Canada,2016-05-09,269.307974655
Canada,2016-05-10,97.3504258274
Canada,2016-05-11,307.2384873738
Canada,2016-05-12,306.7855905141
Canada,2016-05-13,392.307375788
Canada,2016-05-14,322.6091226495
Canada,2016-05-15,223.707065479
Canada,2016-05-16,307.4121425316
Canada,2016-05-17,287.719530742
Canada,2016-05-18,249.8806491236
Canada,2016-05-19,298.4036478504
Canada,2016-05-20,305.5607786667
Canada,2016-05-21,318.0118946542
Canada,2016-05-22,322.4481966242
Canada,2016-05-23,274.8349650854
Canada,2016-05-24,297.1208193394
Canada,2016-05-25,276.9631628482
Canada,2016-05-26,353.8518974889
Canada,2016-05-27,226.7250583366
Canada,2016-05-28,291.2199402315
Canada,2016-05-29,334.8588494068
Canada,2016-05-30,210.9624953405
Canada,2016-05-31,250.5496181463
Canada,2016-06-01,301.733542319
Canada,2016-06-02,401.3017384358
Canada,2016-06-03,396.0009025122
Canada,2016-06-04,466.9417118927
Canada,2016-06-05,260.3839203435
Canada,2016-06-06,247.2269044309
Canada,2016-06-07,235.5879104173
Canada,2016-06-08,293.894581527
Canada,2016-06-09,393.0242918299
Canada,2016-06-10,279.4333587137
Canada,2016-06-11,480.1720052589
Canada,2016-06-12,410.0275955143
Canada,2016-06-13,263.744050349
Canada,2016-06-14,276.5838601643
Canada,2016-06-15,384.54746203
Canada,2016-06-16,381.6021378245
Canada,2016-06-17,241.3792593169
Canada,2016-06-18,220.1113679351
Canada,2016-06-19,464.3368121232
Canada,2016-06-20,385.0496167162
Canada,2016-06-21,399.8235177159
Canada,2016-06-22,299.4784524748
Canada,2016-06-23,118.6320165932
Canada,2016-06-24,468.7648974211
Canada,2016-06-25,248.3740450389
Canada,2016-06-26,189.8163797472
Canada,2016-06-27,432.2352785521
Canada,2016-06-28,394.8075291008
Canada,2016-06-29,552.6673154394
Canada,2016-06-30,415.1930734084
Canada,2016-07-01,385.7785133299
Canada,2016-07-02,156.2316763608
Canada,2016-07-03,204.8331863839
Canada,2016-07-04,384.584888174
Canada,2016-07-05,380.5131810319
Canada,2016-07-06,225.2185673817
Canada,2016-07-07,205.4683028872
Canada,2016-07-08,379.6589842474
Canada,2016-07-09,347.3712215022
Canada,2016-07-10,410.0384962963
Canada,2016-07-11,348.1618620499
Canada,2016-07-12,331.6865059084
Canada,2016-07-13,354.2251348663
Canada,2016-07-14,398.0465647084
Canada,2016-07-15,213.634311276
Canada,2016-07-16,287.302261572
Canada,2016-07-17,313.1164328655
Canada,2016-07-18,239.184806004
Canada,2016-07-19,176.3316540747
Canada,2016-07-20,248.4400595366
Canada,2016-07-21,266.1583741677
Canada,2016-07-22,448.2119588774
Canada,2016-07-23,184.8046523629
Canada,2016-07-24,399.1081890044
Canada,2016-07-25,323.4521632445
Canada,2016-07-26,216.9346684777
Canada,2016-07-27,256.4846149453
Canada,2016-07-28,51.1963310498
Canada,2016-07-29,344.7077600197
Canada,2016-07-30,354.8428204981
Canada,2016-07-31,171.6392075398
Canada,2016-08-01,333.199305761
Canada,2016-08-02,160.9226314586
Canada,2016-08-03,318.5857064133
Canada,2016-08-04,462.3136470607
Canada,2016-08-05,198.2644485976
Canada,2016-08-06,273.1392054192
Canada,2016-08-07,227.6228803215
Canada,2016-08-08,315.1190283842
Canada,2016-08-09,251.7499168433
Canada,2016-08-10,312.848559662
Canada,2016-08-11,341.6641408985
Canada,2016-08-12,453.5042992902
Canada,2016-08-13,322.9737386685
Canada,2016-08-14,355.840767078
Canada,2016-08-15,202.0416880472
Canada,2016-08-16,233.2376268909
Canada,2016-08-17,367.5427463645
Canada,2016-08-18,302.3283805687
Canada,2016-08-19,187.8137856446
Canada,2016-08-20,382.1220557128
Canada,2016-08-21,227.677779362
Canada,2016-08-22,310.7369533949
Canada,2016-08-23,355.0628572865
Canada,2016-08-24,399.5512355821
Canada,2016-08-25,376.6921414999
Canada,2016-08-26,191.849435831
Canada,2016-08-27,309.1974002645
Canada,2016-08-28,312.222243128
Canada,2016-08-29,330.8712250605
Canada,2016-08-30,242.2607526865
Canada,2016-08-31,385.8824283182
Canada,2016-09-01,194.5409642514
Canada,2016-09-02,441.6416261014
Canada,2016-09-03,156.8719247114
Canada,2016-09-04,336.7366760351
Canada,2016-09-05,262.7267872947
Canada,2016-09-06,223.7061485416
Canada,2016-09-07,343.7642497975
Canada,2016-09-08,195.6190316971
Canada,2016-09-09,211.510214695
Canada,2016-09-10,135.804243911
Canada,2016-09-11,295.2350224548
Canada,2016-09-12,300.1492826298
Canada,2016-09-13,384.4238854124
Canada,2016-09-14,406.9323123296
Canada,2016-09-15,323.0285439491
Canada,2016-09-16,246.072414812
Canada,2016-09-17,309.7973019449
Canada,2016-09-18,302.2675696684
Canada,2016-09-19,333.5467958075
Canada,2016-09-20,380.8169567044
Canada,2016-09-21,249.8281950669
Canada,2016-09-22,492.7008610117
Canada,2016-09-23,314.8243996477
Canada,2016-09-24,175.5614586882
Canada,2016-09-25,202.4983812159
Canada,2016-09-26,287.6250245576
Canada,2016-09-27,254.4468874508
Canada,2016-09-28,341.6949815091
Canada,2016-09-29,290.0972429178
Canada,2016-09-30,430.6837220342
Canada,2016-10-01,282.2360417401
Canada,2016-10-02,260.0337341352
Canada,2016-10-03,291.2930825091
Canada,2016-10-04,237.558731714
Canada,2016-10-05,232.3032851363
Canada,2016-10-06,351.3882716865
Canada,2016-10-07,281.9091696354
Canada,2016-10-08,393.2499794432
Canada,2016-10-09,416.1238611119
Canada,2016-10-10,241.0953665886
Canada,2016-10-11,278.2219787374
Canada,2016-10-12,158.3579537007
Canada,2016-10-13,233.3206785967
Canada,2016-10-14,199.4383681443
Canada,2016-10-15,190.4540089865
Canada,2016-10-16,353.3901677548
Canada,2016-10-17,204.4441260786
Canada,2016-10-18,377.0290162397
Canada,2016-10-19,356.5573675985
Canada,2016-10-20,113.7222749344
Canada,2016-10-21,446.6101730653
Canada,2016-10-22,326.2056919657
Canada,2016-10-23,211.4870793433
Canada,2016-10-24,248.45967213
Canada,2016-10-25,460.2265008836
Canada,2016-10-26,235.1389508739
Canada,2016-10-27,219.1324286469
Canada,2016-10-28,385.3442196433
Canada,2016-10-29,258.9258235484
Canada,2016-10-30,237.7586410142
Canada,2016-10-31,248.9534398224
Canada,2016-11-01,121.4124551241
Canada,2016-11-02,155.5173700953
Canada,2016-11-03,315.8584195053
Canada,2016-11-04,260.0320169764
Canada,2016-11-05,268.7104916095
Canada,2016-11-06,416.0181387344
Canada,2016-11-07,159.8649040979
Canada,2016-11-08,201.3445038127
Canada,2016-11-09,150.6607676886
Canada,2016-11-10,160.4556325403
Canada,2016-11-11,377.5281242325
Canada,2016-11-12,305.5554418329
Canada,2016-11-13,72.6426678366
Canada,2016-11-14,347.3997705519
Canada,2016-11-15,149.5757709349
Canada,2016-11-16,214.6574500033
Canada,2016-11-17,247.8434793415
Canada,2016-11-18,361.4220769639
Canada,2016-11-19,320.4585893016
Canada,2016-11-20,462.6279950185
Canada,2016-11-21,226.2038374161
Canada,2016-11-22,201.2399075579
Canada,2016-11-23,305.7501850454
Canada,2016-11-24,203.7214979603
Canada,2016-11-25,403.3993056722
Canada,2016-11-26,302.4239521189
Canada,2016-11-27,168.4197535114
Canada,2016-11-28,119.2686417782
Canada,2016-11-29,252.3051850725
Canada,2016-11-30,230.316590608
Canada,2016-12-01,360.9785996194
Canada,2016-12-02,243.9202978575
Canada,2016-12-03,238.2351447022
Canada,2016-12-04,244.2733833323
Canada,2016-12-05,448.6925941232
Canada,2016-12-06,284.5295389785
Canada,2016-12-07,247.7753540501
Canada,2016-12-08,345.7867915891
Canada,2016-12-09,179.977796701
Canada,2016-12-10,367.6546745918
Canada,2016-12-11,342.0565600928
Canada,2016-12-12,274.1705609447
Canada,2016-12-13,316.2363387068
Canada,2016-12-14,315.4200458115
Canada,2016-12-15,403.6892168525
Canada,2016-12-16,326.1383755344
Canada,2016-12-17,139.4904798372
Canada,2016-12-18,337.7523279076
Canada,2016-12-19,157.1554421255
Canada,2016-12-20,395.1251836528
Canada,2016-12-21,190.283153385
Canada,2016-12-22,231.9444491976
Canada,2016-12-23,216.7254746946
Canada,2016-12-24,399.5929712671
Canada,2016-12-25,325.241559821
Canada,2016-12-26,226.4187942478
Canada,2016-12-27,382.006133144
Canada,2016-12-28,432.3014727963
Canada,2016-12-29,230.5411799008
Canada,2016-12-30,431.5084123673
Canada,2016-12-31,280.0156955594
